Age Group,City,Gender,Education Level,Occupation,Family Members,Annual Income,Charging Hours, Electric Cars are economical,Charging stations ,Convert your car to all electric,Hybrid or Both, Next car will be electric car?
29,Kolkata,Male,Postgraduate,Working Professional,5,150000,1,Yes,15,Yes,Hybrid car,5
29, Mumbai ,Male,Graduate,Working Professional,4,1000000,1,Yes,8,Yes,Electric car,5
25,Mumbai,Male,Graduate,Working Professional,4,5000,5,Yes,15,Didn't think about it,Hybrid car,5
25,Bangalore,Male,Graduate,Working Professional,4,750000,1,Don't know,8,Didn't think about it,Hybrid car,5
21,Mumbai,Male,Postgraduate,Student,4,5000,12,Don't know,15,Didn't think about it,Hybrid car,5
24,Kolkata,Male,Postgraduate,Student,3,150000,1,Yes,30,Didn't think about it,Electric car,5
23,Mumbai,Male,Graduate,Working Professional,3,750000,1,Yes,8,Yes,Hybrid car,5
26,Bangalore,Male,Graduate,Working Professional,3,750000,12,Yes,30,Yes,Hybrid car,5
24,"Panaji, goa",Male,Graduate,Working Professional,4,750000,1,Yes,8,Didn't think about it,Electric car,5
26,Mumbai,Male,Graduate,Working Professional,3,750000,3,Yes,15,Didn't think about it,Hybrid car,5
23,Bangalore,Male,Graduate,Working Professional,5,1000000,3,Yes,8,No,Hybrid car,5
21,BANARAS,Male,Graduate,Working Professional,4,5000,3,Yes,15,Yes,Hybrid car,5
23,Kolkata,Female,Postgraduate,Working Professional,4,1000000,1,Don't know,8,Yes,Hybrid car,5
28,Mumbai ,Male,Graduate,Working Professional,4,750000,1,Yes,8,Yes,Hybrid car,5
31,Lucknow,Male,Graduate,Working Professional,4,750000,5,Yes,8,No,Hybrid car,5
36,Mumbai,Male,Graduate,Working Professional,4,5000,2,Yes,15,Yes,Hybrid car,5
39,Bangalore ,Female,Graduate,Working Professional,4,750000,12,No,15,Didn't think about it,Hybrid car,5
36,Howrah,Female,Graduate,Working Professional,3,150000,2,Yes,15,Yes,Hybrid car,5
35,Delhi,Male,Graduate,Working Professional,5,5000,2,Yes,15,Yes,Electric car,5
17,Nandurbar,Male,High School/ Intermediate,Student,4,1000000,3,Yes,8,No,Electric car,5
45,Lucknow,Male,Graduate,Student,4,5000,3,Yes,8,Yes,Hybrid car,5
57,Bangalore,Male,Postgraduate,Working Professional,2,1000000,1,Yes,8,Didn't think about it,Hybrid car,5
51,MUMBAI,Male,Postgraduate,Working Professional,2,750000,3,Yes,8,Yes,Electric car,5
51,Bangalore,Male,Graduate,Working Professional,4,1000000,3,Yes,25,Yes,Hybrid car,5
55,Bangalore,Male,Postgraduate,Student,4,5000,1,Yes,25,Didn't think about it,Hybrid car,5
54,Gurgaon,Male,Graduate,Working Professional,2,750000,1,Yes,8,Didn't think about it,Hybrid car,5
53,Kolkata,Male,Graduate,Working Professional,2,5000,2,Yes,8,Yes,Electric car,5
54,Bangalore,Male,Graduate,Working Professional,4,5000,12,Yes,30,Yes,Hybrid car,5
41,Navi Mumbai,Male,Graduate,Working Professional,4,750000,3,Yes,8,Yes,Electric car,5
43,Bangalore,Male,Postgraduate,Working Professional,4,750000,3,Yes,8,Didn't think about it,Hybrid car,5
45,Warangal,Male,Graduate,Student,5,750000,3,Yes,25,Yes,Hybrid car,5
47,Bangalore,Male,Graduate,Working Professional,4,1000000,3,Yes,8,Yes,Hybrid car,5
49,Kolkata ,Female,Postgraduate,Working Professional,4,1000000,3,Yes,8,Yes,Electric car,5
21,Bangalore,Male,Graduate,Working Professional,4,1000000,3,Yes,15,Didn't think about it,Hybrid car,5
23,Lucknow,Male,Graduate,Working Professional,5,750000,3,Don't know,8,Didn't think about it,Hybrid car,5
25,Bangalore,Male,Graduate,Working Professional,4,750000,1,Yes,15,Didn't think about it,Electric car,5
27,Lucknow,Male,Graduate,Working Professional,5,750000,1,No,8,Yes,Hybrid car,5
18,Kolkata,Male,High School/ Intermediate,Student,3,750000,1,Don't know,8,Didn't think about it,Hybrid car,5
31,Bhubaneswar,Male,Graduate,Working Professional,4,1000000,1,Yes,8,Didn't think about it,Hybrid car,5
18,Sultanpur,Male,High School/ Intermediate,Student,4,1000000,1,Yes,30,Yes,Hybrid car,5
33,Lucknow,Male,Graduate,Working Professional,3,750000,1,Yes,8,Didn't think about it,Hybrid car,5
35,Mumbai,Male,Graduate,Working Professional,4,750000,1,Don't know,8,No,Hybrid car,5
37,Bangalore,Male,Graduate,Working Professional,4,750000,1,Yes,15,Yes,Electric car,5
39,Mumbai,Male,Postgraduate,Working Professional,4,750000,5,Yes,25,No,Hybrid car,5
41,Raipur,Male,Graduate,Working Professional,4,1000000,5,Yes,8,Yes,Hybrid car,5
43,Bargarh,Male,Graduate,Student,4,750000,5,Yes,15,Yes,Hybrid car,5
48,burla,Male,Graduate,Student,5,750000,5,Yes,8,Didn't think about it,Electric car,5
26,Bangalore,Male,Postgraduate,Student,4,750000,5,Yes,8,No,Hybrid car,5
49,Thiruvananthapuram,Male,Postgraduate,Working Professional,2,1000000,5,Yes,8,Yes,Electric car,5
51,Varanasi,Male,Graduate,Working Professional,4,1000000,5,Yes,8,Didn't think about it,Hybrid car,5
53,Kolkata ,Female,Graduate,Student,4,5000,5,Don't know,8,Didn't think about it,Hybrid car,5
23,Bangalore,Male,Postgraduate,Student,3,5000,5,Yes,8,Didn't think about it,Electric car,5
20,Bangalore,Male,Graduate,Working Professional,3,1000000,5,Yes,8,Yes,Hybrid car,5
22,Bangalore ,Male,Graduate,Working Professional,6,750000,5,Don't know,15,Didn't think about it,Electric car,5
24,Mumbai,Female,Postgraduate,Working Professional,4,750000,5,Don't know,8,Yes,Electric car,5
26,Hyderabad,Female,Graduate,Working Professional,4,1000000,5,Don't know,8,Yes,Electric car,5
28,Lucknow,Male,Postgraduate,Working Professional,2,1000000,5,Yes,8,Yes,Hybrid car,5
29,Mumbai,Male,Graduate,Working Professional,3,750000,5,Don't know,8,Didn't think about it,Hybrid car,5
36,Kolkata,Female,Postgraduate,Working Professional,3,750000,5,Don't know,8,Didn't think about it,Hybrid car,5
25,Bhubaneswar,Male,Postgraduate,Student,3,750000,1,No,15,No,Hybrid car,5
36,Siliguri,Male,Above Postgraduate,Working Professional,4,150000,2,Yes,30,Didn't think about it,Hybrid car,5
18,Karnal,Male,High School/ Intermediate,Student,3,5000,2,No,15,Yes,Hybrid car,5
36,Varanasi,Male,Graduate,Working Professional,6,750000,2,Yes,25,No,Hybrid car,5
18,Patna,Male,High School/ Intermediate,Student,4,750000,2,Yes,15,Yes,Hybrid car,5
40,Bangalore,Female,Graduate,Working Professional,4,1000000,2,Don't know,15,Yes,Hybrid car,5
41,Bangalore ,Female,Postgraduate,Working Professional,3,1000000,2,Yes,15,Yes,Hybrid car,5
43,Kolkata,Male,Graduate,Working Professional,4,150000,2,Yes,8,Didn't think about it,Electric car,5
45,Bargarh,Male,Graduate,Working Professional,7,150000,2,Yes,30,Yes,Electric car,5
47,Nagpur,Male,Postgraduate,Working Professional,4,1000000,2,Yes,15,Yes,Hybrid car,5
49,Ajmer,Male,Graduate,Working Professional,3,1000000,2,Yes,15,Yes,Hybrid car,5
22,Trivandrum,Female,Graduate,Working Professional,4,1000000,2,Don't know,15,Yes,Electric car,5
23,Bangalore,Male,Postgraduate,Student,2,750000,2,Yes,8,Yes,Electric car,5
23,Kolkata,Male,Postgraduate,Working Professional,4,750000,2,Yes,8,Didn't think about it,Hybrid car,5
24,Bangalore,Male,Postgraduate,Working Professional,5,1000000,2,Yes,8,Yes,Hybrid car,5
21,Hyderabad ,Male,Postgraduate,Working Professional,3,1000000,2,Yes,8,Yes,Hybrid car,5
23,Bangalore,Male,Graduate,Working Professional,5,5000,3,Yes,8,Didn't think about it,Electric car,5
25,Kolkata,Male,Postgraduate,Working Professional,3,1000000,3,Don't know,8,Didn't think about it,Hybrid car,5
29,Bangalore ,Male,Graduate,Other,4,5000,3,Yes,15,Didn't think about it,Hybrid car,5
31,Bangalore,Male,High School/ Intermediate,Working Professional,5,750000,3,Yes,15,Yes,Electric car,5
33,Bangalore,Male,Graduate,Working Professional,4,750000,3,Yes,15,Yes,Electric car,5
35,Bangalore,Male,Graduate,Working Professional,5,750000,3,Yes,15,Didn't think about it,Hybrid car,5
39,Bankapur ,Female,Graduate,Working Professional,5,750000,3,Yes,30,Didn't think about it,Electric car,5
38,Mumbai,Male,Postgraduate,Student,3,5000,3,Don't know,15,Didn't think about it,Electric car,5
37,Bangalore,Male,Graduate,Working Professional,4,5000,3,Yes,8,No,Electric car,5
36,Bangalore ,Male,Postgraduate,Working Professional,4,150000,3,Yes,8,Yes,Hybrid car,5
31,Mumbai,Male,Graduate,Working Professional,3,5000,3,Yes,15,Didn't think about it,Electric car,5
35,Bangalore,Male,Graduate,Working Professional,3,1000000,3,No,15,Yes,Hybrid car,5
39,Mumbai,Female,Graduate,Student,4,5000,3,Don't know,15,Didn't think about it,Electric car,5
49,Navi Mumbai,Female,Graduate,Working Professional,4,150000,3,Yes,8,Yes,Hybrid car,5
51,Kolkata,5000,Above Postgraduate,Working Professional,2,1000000,3,No,15,Yes,Hybrid car,5
18,Bangalore,Male,High School/ Intermediate,Student,5,5000,4,Don't know,15,Yes,Hybrid car,5
20,Bangalore,Male,Postgraduate,Student,4,5000,4,No,15,Didn't think about it,Hybrid car,5
23,Lucknow,Female,Postgraduate,Student,5,5000,4,Yes,8,Didn't think about it,Hybrid car,5
24,Kolkata,Male,Graduate,Student,2,5000,4,Yes,8,Didn't think about it,Hybrid car,5
25,Kolkata,Female,Above Postgraduate,Other,3,750000,4,Yes,8,Yes,Electric car,5
26,Lucknow ,Female,Graduate,Other,5,750000,4,Yes,15,Didn't think about it,Hybrid car,1
27,Kolkata,Male,Postgraduate,Working Professional,5,750000,4,Yes,15,Yes,Hybrid car,1
28,Navi Mumbai ,Male,Graduate,Working Professional,4,1000000,4,Yes,8,Yes,Electric car,1
29,Mumbai,Male,Graduate,Working Professional,4,5000,4,Yes,15,Didn't think about it,Hybrid car,1
29,Bangalore,Male,Graduate,Working Professional,4,750000,4,Don't know,8,Didn't think about it,Hybrid car,1
29,Mumbai,Male,Postgraduate,Student,4,5000,4,Don't know,15,Didn't think about it,Hybrid car,1
31,Kolkata,Male,Postgraduate,Student,3,150000,4,Yes,30,Didn't think about it,Electric car,1
36,Mumbai,Male,Graduate,Working Professional,3,750000,4,Yes,8,Yes,Hybrid car,1
36,Bangalore,Male,Graduate,Working Professional,3,750000,4,Yes,30,Yes,Hybrid car,1
31,"Panaji, goa",Male,Graduate,Working Professional,4,750000,4,Yes,8,Didn't think about it,Electric car,1
35,Mumbai,Male,Graduate,Working Professional,3,750000,4,Yes,15,Didn't think about it,Hybrid car,1
39,Bangalore,Male,Graduate,Working Professional,5,1000000,4,Yes,8,No,Hybrid car,1
49,BANARAS,Male,Graduate,Working Professional,4,5000,5,Yes,15,Yes,Hybrid car,1
51,Kolkata,Female,Postgraduate,Working Professional,4,1000000,5,Don't know,8,Yes,Hybrid car,1
20,Mumbai ,Male,Graduate,Working Professional,4,750000,5,Yes,8,Yes,Hybrid car,1
20,Lucknow,Male,Graduate,Working Professional,4,750000,5,Yes,8,No,Hybrid car,1
23,Mumbai,Male,Graduate,Working Professional,4,5000,5,Yes,15,Yes,Hybrid car,1
24,Bangalore ,Female,Graduate,Working Professional,4,750000,5,No,15,Didn't think about it,Hybrid car,1
21,Howrah,Female,Graduate,Working Professional,3,150000,5,Yes,15,Yes,Hybrid car,1
26,Delhi,Male,Graduate,Working Professional,5,5000,5,Yes,15,Yes,Electric car,1
27,Nandurbar,Male,Graduate,Working Professional,4,1000000,5,Yes,8,No,Electric car,1
28,Lucknow,Male,Graduate,Student,4,5000,5,Yes,8,Yes,Hybrid car,1
29,Bangalore,Male,Postgraduate,Working Professional,2,1000000,6,Yes,8,Didn't think about it,Hybrid car,1
29,MUMBAI,Male,Postgraduate,Working Professional,2,750000,6,Yes,8,Yes,Electric car,1
29,Bangalore,Male,Graduate,Working Professional,4,1000000,6,Yes,25,Yes,Hybrid car,1
31,Bangalore,Male,Postgraduate,Student,4,5000,6,Yes,25,Didn't think about it,Hybrid car,1
36,Gurgaon,Male,Graduate,Working Professional,2,750000,6,Yes,8,Didn't think about it,Hybrid car,1
36,Kolkata,Male,Graduate,Working Professional,2,5000,6,Yes,8,Yes,Electric car,1
38,Bangalore,Male,Graduate,Working Professional,4,5000,6,Yes,30,Yes,Hybrid car,1
40,Navi Mumbai,Male,Graduate,Working Professional,4,750000,6,Yes,8,Yes,Electric car,1
41,Bangalore,Male,Postgraduate,Working Professional,4,750000,6,Yes,8,Didn't think about it,Hybrid car,1
43,Warangal,Male,Graduate,Student,5,750000,6,Yes,25,Yes,Hybrid car,1
45,Bangalore,Male,Graduate,Working Professional,4,1000000,6,Yes,8,Yes,Hybrid car,1
47,Kolkata ,Female,Postgraduate,Working Professional,4,1000000,6,Yes,8,Yes,Electric car,1
49,Bangalore,Male,Graduate,Working Professional,4,1000000,6,Yes,15,Didn't think about it,Hybrid car,1
21,Lucknow,Male,Graduate,Working Professional,5,750000,6,Don't know,8,Didn't think about it,Hybrid car,1
22,Bangalore,Male,Graduate,Working Professional,4,750000,6,Yes,15,Didn't think about it,Electric car,1
23,Lucknow,Male,Graduate,Working Professional,5,750000,6,No,8,Yes,Hybrid car,1
22,Kolkata,Male,Graduate,Working Professional,3,750000,6,Don't know,8,Didn't think about it,Hybrid car,1
21,Bhubaneswar,Male,Graduate,Working Professional,4,1000000,6,Yes,8,Didn't think about it,Hybrid car,1
23,Sultanpur,Male,Graduate,Working Professional,4,1000000,6,Yes,30,Yes,Hybrid car,1
25,Lucknow,Male,Graduate,Working Professional,3,750000,6,Yes,8,Didn't think about it,Hybrid car,1
29,Mumbai,Male,Graduate,Working Professional,4,750000,6,Don't know,8,No,Hybrid car,1
54,Bangalore,Male,Graduate,Working Professional,4,750000,6,Yes,15,Yes,Electric car,1
41,Mumbai,Male,Postgraduate,Working Professional,4,750000,6,Yes,25,No,Hybrid car,1
43,Raipur,Male,Graduate,Working Professional,4,1000000,3,Yes,8,Yes,Hybrid car,1
45,Bargarh,Male,Graduate,Student,4,750000,3,Yes,15,Yes,Hybrid car,1
47,burla,Male,Graduate,Student,5,750000,3,Yes,8,Didn't think about it,Electric car,1
49,Bangalore,Male,Postgraduate,Student,4,750000,3,Yes,8,No,Hybrid car,1
21,Thiruvananthapuram,Male,Postgraduate,Working Professional,2,1000000,3,Yes,8,Yes,Electric car,1
23,Varanasi,Male,Graduate,Working Professional,4,1000000,3,Yes,8,Didn't think about it,Hybrid car,1
25,Kolkata ,Female,Graduate,Student,4,5000,3,Don't know,8,Didn't think about it,Hybrid car,1
27,Bangalore,Male,Postgraduate,Student,3,5000,3,Yes,8,Didn't think about it,Electric car,1
29,Bangalore,Male,Graduate,Working Professional,3,1000000,3,Yes,8,Yes,Hybrid car,1
31,Bangalore ,Male,Graduate,Working Professional,6,750000,3,Don't know,15,Didn't think about it,Electric car,1
30,Mumbai,Female,Postgraduate,Working Professional,4,750000,3,Don't know,8,Yes,Electric car,1
33,Hyderabad,Female,Graduate,Working Professional,4,1000000,3,Don't know,8,Yes,Electric car,1
35,Lucknow,Male,Postgraduate,Working Professional,2,1000000,3,Yes,8,Yes,Hybrid car,1
54,Mumbai,Male,Graduate,Working Professional,3,750000,3,Don't know,8,Didn't think about it,Hybrid car,1
41,Kolkata,Female,Postgraduate,Working Professional,3,750000,3,Don't know,8,Didn't think about it,Hybrid car,1
43,Bhubaneswar,Male,Postgraduate,Student,3,750000,3,No,15,No,Hybrid car,1
45,Siliguri,Male,Above Postgraduate,Working Professional,4,150000,3,Yes,30,Didn't think about it,Hybrid car,1
47,Karnal,Male,Graduate,Working Professional,3,5000,3,No,15,Yes,Hybrid car,1
49,Varanasi,Male,Graduate,Working Professional,6,750000,3,Yes,25,No,Hybrid car,1
21,Patna,Male,Graduate,Working Professional,4,750000,2,Yes,15,Yes,Hybrid car,3
23,Bangalore,Female,Graduate,Working Professional,4,1000000,2,Don't know,15,Yes,Hybrid car,3
25,Bangalore ,Female,Postgraduate,Working Professional,3,1000000,2,Yes,15,Yes,Hybrid car,3
27,Kolkata,Male,Graduate,Working Professional,4,150000,2,Yes,8,Didn't think about it,Electric car,3
29,Bargarh,Male,Graduate,Working Professional,7,150000,2,Yes,30,Yes,Electric car,3
31,Nagpur,Male,Postgraduate,Working Professional,4,1000000,2,Yes,15,Yes,Hybrid car,3
30,Ajmer,Male,Graduate,Working Professional,3,1000000,2,Yes,15,Yes,Hybrid car,3
33,Trivandrum,Female,Graduate,Working Professional,4,1000000,2,Don't know,15,Yes,Electric car,3
35,Bangalore,Male,Postgraduate,Student,2,750000,2,Yes,8,Yes,Electric car,3
41,Kolkata,Male,Postgraduate,Working Professional,4,750000,2,Yes,8,Didn't think about it,Hybrid car,3
43,Bangalore,Male,Postgraduate,Working Professional,5,1000000,2,Yes,8,Yes,Hybrid car,3
45,Hyderabad ,Male,Postgraduate,Working Professional,3,1000000,2,Yes,8,Yes,Hybrid car,3
47,Bangalore,Male,Graduate,Working Professional,5,5000,2,Yes,8,Didn't think about it,Electric car,3
49,Kolkata,Male,Postgraduate,Working Professional,3,1000000,2,Don't know,8,Didn't think about it,Hybrid car,3
22,Bangalore ,Male,Graduate,Other,4,5000,2,Yes,15,Didn't think about it,Hybrid car,3
21,Bangalore,Male,Graduate,Working Professional,5,750000,2,Yes,15,Yes,Electric car,3
23,Bangalore,Male,Graduate,Working Professional,4,750000,2,Yes,15,Yes,Electric car,3
21,Bangalore,Male,Graduate,Working Professional,5,750000,2,Yes,15,Didn't think about it,Hybrid car,3
21,Bankapur ,Female,Graduate,Working Professional,5,750000,2,Yes,30,Didn't think about it,Electric car,3
23,Mumbai,Male,Postgraduate,Student,3,5000,2,Don't know,15,Didn't think about it,Electric car,3
25,Bangalore,Male,Graduate,Working Professional,4,5000,2,Yes,8,No,Electric car,3
29,Bangalore ,Male,Postgraduate,Working Professional,4,150000,2,Yes,8,Yes,Hybrid car,3
54,Mumbai,Male,Graduate,Working Professional,3,5000,2,Yes,15,Didn't think about it,Electric car,10
41,Bangalore,Male,Graduate,Working Professional,3,1000000,2,No,15,Yes,Hybrid car,10
43,Mumbai,Female,Graduate,Student,4,5000,10,Don't know,15,Didn't think about it,Electric car,10
45,Navi Mumbai,Female,Graduate,Working Professional,4,150000,10,Yes,8,Yes,Hybrid car,10
47,Kolkata,5000,Above Postgraduate,Working Professional,2,1000000,10,No,15,Yes,Hybrid car,10
49,Bangalore,Male,Graduate,Working Professional,5,5000,10,Don't know,15,Yes,Hybrid car,10
21,Bangalore,Male,Postgraduate,Student,4,5000,10,No,15,Didn't think about it,Hybrid car,10
23,Lucknow,Female,Postgraduate,Student,5,5000,10,Yes,8,Didn't think about it,Hybrid car,10
25,Kolkata,Male,Graduate,Student,2,5000,10,Yes,8,Didn't think about it,Hybrid car,10
27,Kolkata,Female,Above Postgraduate,Other,3,750000,10,Yes,8,Yes,Electric car,10
29,Lucknow ,Female,Graduate,Other,5,750000,10,Yes,15,Didn't think about it,Hybrid car,10
31,Kolkata,Male,Postgraduate,Working Professional,5,750000,10,Yes,15,Yes,Hybrid car,10
30,Navi Mumbai ,Male,Graduate,Working Professional,4,1000000,10,Yes,8,Yes,Electric car,10
33,Mumbai,Male,Graduate,Working Professional,4,5000,10,Yes,15,Didn't think about it,Hybrid car,10
35,Bangalore,Male,Graduate,Working Professional,4,750000,10,Don't know,8,Didn't think about it,Hybrid car,10
30,Mumbai,Male,Postgraduate,Student,4,5000,10,Don't know,15,Didn't think about it,Hybrid car,10
33,Kolkata,Male,Postgraduate,Student,3,150000,10,Yes,30,Didn't think about it,Electric car,10
35,Mumbai,Male,Graduate,Working Professional,3,750000,10,Yes,8,Yes,Hybrid car,10
22,Bangalore,Male,Graduate,Working Professional,3,750000,10,Yes,30,Yes,Hybrid car,10
19,"Panaji, goa",Male,Graduate,Working Professional,4,750000,10,Yes,8,Didn't think about it,Electric car,10
21,Mumbai,Male,Graduate,Working Professional,3,750000,10,Yes,15,Didn't think about it,Hybrid car,10
45,Bangalore,Male,Graduate,Working Professional,5,1000000,10,Yes,8,No,Hybrid car,10
47,BANARAS,Male,Graduate,Working Professional,4,5000,10,Yes,15,Yes,Hybrid car,10
45,Kolkata,Female,Postgraduate,Working Professional,4,1000000,10,Don't know,8,Yes,Hybrid car,10
26,Mumbai ,Male,Graduate,Working Professional,4,750000,10,Yes,8,Yes,Hybrid car,10
24,Lucknow,Male,Graduate,Working Professional,4,750000,10,Yes,8,No,Hybrid car,10
36,Mumbai,Male,Graduate,Working Professional,4,5000,10,Yes,15,Yes,Hybrid car,10
38,Bangalore ,Female,Graduate,Working Professional,4,750000,10,No,15,Didn't think about it,Hybrid car,10
40,Howrah,Female,Graduate,Working Professional,3,150000,10,Yes,15,Yes,Hybrid car,10
41,Delhi,Male,Graduate,Working Professional,5,5000,10,Yes,15,Yes,Electric car,10
43,Nandurbar,Male,Graduate,Working Professional,4,1000000,10,Yes,8,No,Electric car,10
45,Lucknow,Male,Graduate,Student,4,5000,2,Yes,8,Yes,Hybrid car,10
47,Bangalore,Male,Postgraduate,Working Professional,2,1000000,2,Yes,8,Didn't think about it,Hybrid car,10
49,MUMBAI,Male,Postgraduate,Working Professional,2,750000,2,Yes,8,Yes,Electric car,10
21,Bangalore,Male,Graduate,Working Professional,4,1000000,2,Yes,25,Yes,Hybrid car,10
24,Bangalore,Male,Postgraduate,Student,4,5000,2,Yes,25,Didn't think about it,Hybrid car,10
22,Gurgaon,Male,Graduate,Working Professional,2,750000,2,Yes,8,Didn't think about it,Hybrid car,10
20,Kolkata,Male,Graduate,Working Professional,2,5000,2,Yes,8,Yes,Electric car,10
21,Bangalore,Male,Graduate,Working Professional,4,5000,2,Yes,30,Yes,Hybrid car,10
23,Navi Mumbai,Male,Graduate,Working Professional,4,750000,2,Yes,8,Yes,Electric car,10
25,Bangalore,Male,Postgraduate,Working Professional,4,750000,2,Yes,8,Didn't think about it,Hybrid car,10
29,Warangal,Male,Graduate,Student,5,750000,2,Yes,25,Yes,Hybrid car,10
25,Bangalore,Male,Graduate,Working Professional,4,1000000,2,Yes,8,Yes,Hybrid car,10
45,Kolkata ,Female,Postgraduate,Working Professional,4,1000000,2,Yes,8,Yes,Electric car,10
26,Bangalore,Male,Graduate,Working Professional,4,1000000,2,Yes,15,Didn't think about it,Hybrid car,10
24,Lucknow,Male,Graduate,Working Professional,5,750000,2,Don't know,8,Didn't think about it,Hybrid car,10
36,Bangalore,Male,Graduate,Working Professional,4,750000,2,Yes,15,Didn't think about it,Electric car,10
38,Lucknow,Male,Graduate,Working Professional,5,750000,2,No,8,Yes,Hybrid car,10
40,Kolkata,Male,Graduate,Working Professional,3,750000,2,Don't know,8,Didn't think about it,Hybrid car,10
41,Bhubaneswar,Male,Graduate,Working Professional,4,1000000,2,Yes,8,Didn't think about it,Hybrid car,10
29,Sultanpur,Male,Graduate,Working Professional,4,1000000,2,Yes,30,Yes,Hybrid car,10
36,Lucknow,Male,Graduate,Working Professional,3,750000,2,Yes,8,Didn't think about it,Hybrid car,10
38,Mumbai,Male,Graduate,Working Professional,4,750000,2,Don't know,8,No,Hybrid car,10
40,Bangalore,Male,Graduate,Working Professional,4,750000,2,Yes,15,Yes,Electric car,10
41,Mumbai,Male,Postgraduate,Working Professional,4,750000,2,Yes,25,No,Hybrid car,10
43,Raipur,Male,Graduate,Working Professional,4,1000000,2,Yes,8,Yes,Hybrid car,10
45,Bargarh,Male,Graduate,Student,4,750000,2,Yes,15,Yes,Hybrid car,10
47,burla,Male,Graduate,Student,5,750000,2,Yes,8,Didn't think about it,Electric car,10
49,Bangalore,Male,Postgraduate,Student,4,750000,2,Yes,8,No,Hybrid car,10
22,Thiruvananthapuram,Male,Postgraduate,Working Professional,2,1000000,2,Yes,8,Yes,Electric car,10
21,Varanasi,Male,Graduate,Working Professional,4,1000000,2,Yes,8,Didn't think about it,Hybrid car,5
22,Kolkata ,Female,Graduate,Student,4,5000,2,Don't know,8,Didn't think about it,Hybrid car,5
25,Bangalore,Male,Postgraduate,Student,3,5000,2,Yes,8,Didn't think about it,Electric car,5
21,Bangalore,Male,Graduate,Working Professional,3,1000000,2,Yes,8,Yes,Hybrid car,5
23,Bangalore ,Male,Graduate,Working Professional,6,750000,2,Don't know,15,Didn't think about it,Electric car,5
25,Mumbai,Female,Postgraduate,Working Professional,4,750000,2,Don't know,8,Yes,Electric car,5
29,Hyderabad,Female,Graduate,Working Professional,4,1000000,2,Don't know,8,Yes,Electric car,5
36,Lucknow,Male,Postgraduate,Working Professional,2,1000000,2,Yes,8,Yes,Hybrid car,5
38,Mumbai,Male,Graduate,Working Professional,3,750000,2,Don't know,8,Didn't think about it,Hybrid car,5
40,Kolkata,Female,Postgraduate,Working Professional,3,750000,2,Don't know,8,Didn't think about it,Hybrid car,5
41,Bhubaneswar,Male,Postgraduate,Student,3,750000,2,No,15,No,Hybrid car,5
43,Siliguri,Male,Above Postgraduate,Working Professional,4,150000,2,Yes,30,Didn't think about it,Hybrid car,5
45,Karnal,Male,Graduate,Working Professional,3,5000,2,No,15,Yes,Hybrid car,5
47,Varanasi,Male,Graduate,Working Professional,6,750000,2,Yes,25,No,Hybrid car,5
49,Patna,Male,Graduate,Working Professional,4,750000,2,Yes,15,Yes,Hybrid car,5
22,Bangalore,Female,Graduate,Working Professional,4,1000000,2,Don't know,15,Yes,Hybrid car,5
21,Bangalore ,Female,Postgraduate,Working Professional,3,1000000,2,Yes,15,Yes,Hybrid car,5
23,Kolkata,Male,Graduate,Working Professional,4,150000,2,Yes,8,Didn't think about it,Electric car,5
20,Bargarh,Male,Graduate,Working Professional,7,150000,2,Yes,30,Yes,Electric car,5
21,Nagpur,Male,Postgraduate,Working Professional,4,1000000,2,Yes,15,Yes,Hybrid car,5
23,Ajmer,Male,Graduate,Working Professional,3,1000000,2,Yes,15,Yes,Hybrid car,5
25,Trivandrum,Female,Graduate,Working Professional,4,1000000,2,Don't know,15,Yes,Electric car,5
40,Bangalore,Male,Postgraduate,Student,2,750000,2,Yes,8,Yes,Electric car,5
41,Kolkata,Male,Postgraduate,Working Professional,4,750000,2,Yes,8,Didn't think about it,Hybrid car,5
43,Bangalore,Male,Postgraduate,Working Professional,5,1000000,2,Yes,8,Yes,Hybrid car,5
45,Hyderabad ,Male,Postgraduate,Working Professional,3,1000000,2,Yes,8,Yes,Hybrid car,5
47,Bangalore,Male,Graduate,Working Professional,5,5000,2,Yes,8,Didn't think about it,Electric car,5
49,Kolkata,Male,Postgraduate,Working Professional,3,1000000,2,Don't know,8,Didn't think about it,Hybrid car,5
21,Bangalore ,Male,Graduate,Other,4,5000,2,Yes,15,Didn't think about it,Hybrid car,5
24,Bangalore,Male,High School/ Intermediate,Working Professional,5,750000,2,Yes,15,Yes,Electric car,5
20,Bangalore,Male,Graduate,Working Professional,4,750000,2,Yes,15,Yes,Electric car,5
23,Bangalore,Male,Graduate,Working Professional,5,750000,2,Yes,15,Didn't think about it,Hybrid car,5
21,Bankapur ,Female,Graduate,Working Professional,5,750000,2,Yes,30,Didn't think about it,Electric car,5
23,Mumbai,Male,Postgraduate,Student,3,5000,2,Don't know,15,Didn't think about it,Electric car,5
25,Bangalore,Male,Graduate,Working Professional,4,5000,2,Yes,8,No,Electric car,5
29,Bangalore ,Male,Postgraduate,Working Professional,4,150000,2,Yes,8,Yes,Hybrid car,5
45,Mumbai,Male,Graduate,Working Professional,3,5000,2,Yes,15,Didn't think about it,Electric car,5
47,Bangalore,Male,Graduate,Working Professional,3,1000000,2,No,15,Yes,Hybrid car,5
49,Mumbai,Female,Graduate,Student,4,5000,2,Don't know,15,Didn't think about it,Electric car,5
21,Navi Mumbai,Female,Graduate,Working Professional,4,150000,2,Yes,8,Yes,Hybrid car,5
22,Kolkata,5000,Above Postgraduate,Working Professional,2,1000000,2,No,15,Yes,Hybrid car,5
17,Bangalore,Male,High School/ Intermediate,Student,5,5000,2,Don't know,15,Yes,Hybrid car,5
36,Bangalore,Male,Postgraduate,Student,4,5000,2,No,15,Didn't think about it,Hybrid car,5
38,Lucknow,Female,Postgraduate,Student,5,5000,2,Yes,8,Didn't think about it,Hybrid car,5
40,Kolkata,Male,Graduate,Student,2,5000,2,Yes,8,Didn't think about it,Hybrid car,5
41,Kolkata,Female,Above Postgraduate,Other,3,750000,2,Yes,8,Yes,Electric car,5
43,Lucknow ,Female,Graduate,Other,5,750000,2,Yes,15,Didn't think about it,Hybrid car,5
45,Kolkata,Male,Postgraduate,Working Professional,5,750000,2,Yes,15,Yes,Hybrid car,5
47,Navi Mumbai ,Male,Graduate,Working Professional,4,1000000,2,Yes,8,Yes,Electric car,5
49,Mumbai,Male,Graduate,Working Professional,3,5000,2,Yes,15,Didn't think about it,Hybrid car,5
22,Bangalore,Male,Graduate,Working Professional,2,750000,2,Don't know,8,Didn't think about it,Hybrid car,5
21,Mumbai,Male,Postgraduate,Student,4,5000,2,Don't know,15,Didn't think about it,Hybrid car,5
23,Kolkata,Male,Postgraduate,Student,5,150000,1,Yes,30,Didn't think about it,Electric car,5
19,Mumbai,Male,Graduate,Working Professional,4,750000,1,Yes,8,Yes,Hybrid car,5
21,Bangalore,Male,Graduate,Working Professional,4,750000,1,Yes,30,Yes,Hybrid car,5
23,"Panaji, goa",Male,Graduate,Working Professional,3,750000,1,Yes,8,Didn't think about it,Electric car,5
25,Mumbai,Male,Graduate,Working Professional,2,750000,1,Yes,15,Didn't think about it,Hybrid car,3
29,Bangalore,Male,Graduate,Working Professional,4,1000000,1,Yes,8,No,Hybrid car,3
